City/Country, Gender, Average Income(in USD)
USA, F, 53760
USA, M, 66564.333333333328482694923877716064453125
New Delhi, F, 1718.6817626953125
New Delhi, M, 3652.197021484375
UK, F, 30516.41796875
UK, M, 41091.04296875
SINGAPORE, F, 40228.66796875
SINGAPORE, M, 51240
HONG KONG, F, 22744.125
HONG KONG, M, 32118.75
IND, F, 2560.6363525390625
IND, M, 3660.36360677083348491578362882137298583984375
